<?xml version="1.0" encoding="UTF-8"?>
<office:document-content xmlns:office="urn:oasis:names:tc:opendocument:xmlns:office:1.0" xmlns:style="urn:oasis:names:tc:opendocument:xmlns:style:1.0" xmlns:text="urn:oasis:names:tc:opendocument:xmlns:text:1.0" xmlns:table="urn:oasis:names:tc:opendocument:xmlns:table:1.0" xmlns:draw="urn:oasis:names:tc:opendocument:xmlns:drawing:1.0" xmlns:fo="urn:oasis:names:tc:opendocument:xmlns:xsl-fo-compatible:1.0" xmlns:xlink="http://www.w3.org/1999/xlink" xmlns:dc="http://purl.org/dc/elements/1.1/" xmlns:meta="urn:oasis:names:tc:opendocument:xmlns:meta:1.0" xmlns:number="urn:oasis:names:tc:opendocument:xmlns:datastyle:1.0" xmlns:svg="urn:oasis:names:tc:opendocument:xmlns:svg-compatible:1.0" xmlns:chart="urn:oasis:names:tc:opendocument:xmlns:chart:1.0" xmlns:dr3d="urn:oasis:names:tc:opendocument:xmlns:dr3d:1.0" xmlns:math="http://www.w3.org/1998/Math/MathML" xmlns:form="urn:oasis:names:tc:opendocument:xmlns:form:1.0" xmlns:script="urn:oasis:names:tc:opendocument:xmlns:script:1.0" xmlns:ooo="http://openoffice.org/2004/office" xmlns:ooow="http://openoffice.org/2004/writer" xmlns:oooc="http://openoffice.org/2004/calc" xmlns:dom="http://www.w3.org/2001/xml-events" xmlns:xforms="http://www.w3.org/2002/xforms" xmlns:xsd="http://www.w3.org/2001/XMLSchema" xmlns:xsi="http://www.w3.org/2001/XMLSchema-instance" xmlns:rpt="http://openoffice.org/2005/report" xmlns:of="urn:oasis:names:tc:opendocument:xmlns:of:1.2" xmlns:xhtml="http://www.w3.org/1999/xhtml" xmlns:grddl="http://www.w3.org/2003/g/data-view#" xmlns:officeooo="http://openoffice.org/2009/office" xmlns:tableooo="http://openoffice.org/2009/table" xmlns:drawooo="http://openoffice.org/2010/draw" xmlns:calcext="urn:org:documentfoundation:names:experimental:calc:xmlns:calcext:1.0" xmlns:loext="urn:org:documentfoundation:names:experimental:office:xmlns:loext:1.0" xmlns:field="urn:openoffice:names:experimental:ooo-ms-interop:xmlns:field:1.0" xmlns:formx="urn:openoffice:names:experimental:ooxml-odf-interop:xmlns:form:1.0" xmlns:css3t="http://www.w3.org/TR/css3-text/" office:version="1.2"><office:scripts/><office:font-face-decls><style:font-face style:name="FreeSans1" svg:font-family="FreeSans" style:font-family-generic="swiss"/><style:font-face style:name="Liberation Serif" svg:font-family="&apos;Liberation Serif&apos;" style:font-family-generic="roman" style:font-pitch="variable"/><style:font-face style:name="Liberation Sans" svg:font-family="&apos;Liberation Sans&apos;" style:font-family-generic="swiss" style:font-pitch="variable"/><style:font-face style:name="FreeSans" svg:font-family="FreeSans" style:font-family-generic="system" style:font-pitch="variable"/><style:font-face style:name="Noto Sans CJK SC Regular" svg:font-family="&apos;Noto Sans CJK SC Regular&apos;" style:font-family-generic="system" style:font-pitch="variable"/></office:font-face-decls><office:automatic-styles><style:style style:name="Table1" style:family="table"><style:table-properties style:width="3.291cm" table:align="left"/></style:style><style:style style:name="Table1.A" style:family="table-column"><style:table-column-properties style:column-width="0.531cm"/></style:style><style:style style:name="Table1.B" style:family="table-column"><style:table-column-properties style:column-width="2.76cm"/></style:style><style:style style:name="Table1.A1" style:family="table-cell"><style:table-cell-properties style:vertical-align="middle" fo:padding="0.049cm" fo:border="none"/></style:style><style:style style:name="Table2" style:family="table"><style:table-properties style:width="2.228cm" table:align="left"/></style:style><style:style style:name="Table2.A" style:family="table-column"><style:table-column-properties style:column-width="0.531cm"/></style:style><style:style style:name="Table2.B" style:family="table-column"><style:table-column-properties style:column-width="1.697cm"/></style:style><style:style style:name="Table2.A1" style:family="table-cell"><style:table-cell-properties style:vertical-align="middle" fo:padding="0.049cm" fo:border="none"/></style:style><style:style style:name="Table3" style:family="table"><style:table-properties style:width="3.597cm" table:align="left"/></style:style><style:style style:name="Table3.A" style:family="table-column"><style:table-column-properties style:column-width="0.531cm"/></style:style><style:style style:name="Table3.B" style:family="table-column"><style:table-column-properties style:column-width="3.066cm"/></style:style><style:style style:name="Table3.A1" style:family="table-cell"><style:table-cell-properties style:vertical-align="middle" fo:padding="0.049cm" fo:border="none"/></style:style><style:style style:name="Table4" style:family="table"><style:table-properties style:width="4.083cm" table:align="left"/></style:style><style:style style:name="Table4.A" style:family="table-column"><style:table-column-properties style:column-width="0.531cm"/></style:style><style:style style:name="Table4.B" style:family="table-column"><style:table-column-properties style:column-width="3.552cm"/></style:style><style:style style:name="Table4.A1" style:family="table-cell"><style:table-cell-properties style:vertical-align="middle" fo:padding="0.049cm" fo:border="none"/></style:style><style:style style:name="Table5" style:family="table"><style:table-properties style:width="3.632cm" table:align="left"/></style:style><style:style style:name="Table5.A" style:family="table-column"><style:table-column-properties style:column-width="0.531cm"/></style:style><style:style style:name="Table5.B" style:family="table-column"><style:table-column-properties style:column-width="3.101cm"/></style:style><style:style style:name="Table5.A1" style:family="table-cell"><style:table-cell-properties style:vertical-align="middle" fo:padding="0.049cm" fo:border="none"/></style:style><style:style style:name="Table6" style:family="table"><style:table-properties style:width="2.136cm" table:align="left"/></style:style><style:style style:name="Table6.A" style:family="table-column"><style:table-column-properties style:column-width="2.136cm"/></style:style><style:style style:name="Table6.A1" style:family="table-cell"><style:table-cell-properties style:vertical-align="middle" fo:padding="0.049cm" fo:border="none"/></style:style><style:style style:name="Table7" style:family="table"><style:table-properties style:width="2.374cm" table:align="left"/></style:style><style:style style:name="Table7.A" style:family="table-column"><style:table-column-properties style:column-width="0.531cm"/></style:style><style:style style:name="Table7.B" style:family="table-column"><style:table-column-properties style:column-width="1.843cm"/></style:style><style:style style:name="Table7.A1" style:family="table-cell"><style:table-cell-properties style:vertical-align="middle" fo:padding="0.049cm" fo:border="none"/></style:style><style:style style:name="Table8" style:family="table"><style:table-properties style:width="2.136cm" table:align="left"/></style:style><style:style style:name="Table8.A" style:family="table-column"><style:table-column-properties style:column-width="2.136cm"/></style:style><style:style style:name="Table8.A1" style:family="table-cell"><style:table-cell-properties style:vertical-align="middle" fo:padding="0.049cm" fo:border="none"/></style:style><style:style style:name="Table9" style:family="table"><style:table-properties style:width="3.136cm" table:align="left"/></style:style><style:style style:name="Table9.A" style:family="table-column"><style:table-column-properties style:column-width="0.531cm"/></style:style><style:style style:name="Table9.B" style:family="table-column"><style:table-column-properties style:column-width="2.605cm"/></style:style><style:style style:name="Table9.A1" style:family="table-cell"><style:table-cell-properties style:vertical-align="middle" fo:padding="0.049cm" fo:border="none"/></style:style><style:style style:name="Table10" style:family="table"><style:table-properties style:width="2.136cm" table:align="left"/></style:style><style:style style:name="Table10.A" style:family="table-column"><style:table-column-properties style:column-width="2.136cm"/></style:style><style:style style:name="Table10.A1" style:family="table-cell"><style:table-cell-properties style:vertical-align="middle" fo:padding="0.049cm" fo:border="none"/></style:style><style:style style:name="Table11" style:family="table"><style:table-properties style:width="3.263cm" table:align="left"/></style:style><style:style style:name="Table11.A" style:family="table-column"><style:table-column-properties style:column-width="0.531cm"/></style:style><style:style style:name="Table11.B" style:family="table-column"><style:table-column-properties style:column-width="2.732cm"/></style:style><style:style style:name="Table11.A1" style:family="table-cell"><style:table-cell-properties style:vertical-align="middle" fo:padding="0.049cm" fo:border="none"/></style:style><style:style style:name="Table12" style:family="table"><style:table-properties style:width="2.136cm" table:align="left"/></style:style><style:style style:name="Table12.A" style:family="table-column"><style:table-column-properties style:column-width="2.136cm"/></style:style><style:style style:name="Table12.A1" style:family="table-cell"><style:table-cell-properties style:vertical-align="middle" fo:padding="0.049cm" fo:border="none"/></style:style><style:style style:name="Table13" style:family="table"><style:table-properties style:width="3.503cm" table:align="left"/></style:style><style:style style:name="Table13.A" style:family="table-column"><style:table-column-properties style:column-width="0.531cm"/></style:style><style:style style:name="Table13.B" style:family="table-column"><style:table-column-properties style:column-width="2.972cm"/></style:style><style:style style:name="Table13.A1" style:family="table-cell"><style:table-cell-properties style:vertical-align="middle" fo:padding="0.049cm" fo:border="none"/></style:style><style:style style:name="Table14" style:family="table"><style:table-properties style:width="2.348cm" table:align="left"/></style:style><style:style style:name="Table14.A" style:family="table-column"><style:table-column-properties style:column-width="2.348cm"/></style:style><style:style style:name="Table14.A1" style:family="table-cell"><style:table-cell-properties style:vertical-align="middle" fo:padding="0.049cm" fo:border="none"/></style:style><style:style style:name="Table15" style:family="table"><style:table-properties style:width="2.355cm" table:align="left"/></style:style><style:style style:name="Table15.A" style:family="table-column"><style:table-column-properties style:column-width="0.531cm"/></style:style><style:style style:name="Table15.B" style:family="table-column"><style:table-column-properties style:column-width="1.824cm"/></style:style><style:style style:name="Table15.A1" style:family="table-cell"><style:table-cell-properties style:vertical-align="middle" fo:padding="0.049cm" fo:border="none"/></style:style><style:style style:name="Table16" style:family="table"><style:table-properties style:width="2.327cm" table:align="left"/></style:style><style:style style:name="Table16.A" style:family="table-column"><style:table-column-properties style:column-width="2.327cm"/></style:style><style:style style:name="Table16.A1" style:family="table-cell"><style:table-cell-properties style:vertical-align="middle" fo:padding="0.049cm" fo:border="none"/></style:style><style:style style:name="Table17" style:family="table"><style:table-properties style:width="2.69cm" table:align="left"/></style:style><style:style style:name="Table17.A" style:family="table-column"><style:table-column-properties style:column-width="0.531cm"/></style:style><style:style style:name="Table17.B" style:family="table-column"><style:table-column-properties style:column-width="2.159cm"/></style:style><style:style style:name="Table17.A1" style:family="table-cell"><style:table-cell-properties style:vertical-align="middle" fo:padding="0.049cm" fo:border="none"/></style:style><style:style style:name="Table18" style:family="table"><style:table-properties style:width="2.348cm" table:align="left"/></style:style><style:style style:name="Table18.A" style:family="table-column"><style:table-column-properties style:column-width="2.348cm"/></style:style><style:style style:name="Table18.A1" style:family="table-cell"><style:table-cell-properties style:vertical-align="middle" fo:padding="0.049cm" fo:border="none"/></style:style><style:style style:name="Table19" style:family="table"><style:table-properties style:width="2.207cm" table:align="left"/></style:style><style:style style:name="Table19.A" style:family="table-column"><style:table-column-properties style:column-width="0.531cm"/></style:style><style:style style:name="Table19.B" style:family="table-column"><style:table-column-properties style:column-width="1.676cm"/></style:style><style:style style:name="Table19.A1" style:family="table-cell"><style:table-cell-properties style:vertical-align="middle" fo:padding="0.049cm" fo:border="none"/></style:style><style:style style:name="Table20" style:family="table"><style:table-properties style:width="2.348cm" table:align="left"/></style:style><style:style style:name="Table20.A" style:family="table-column"><style:table-column-properties style:column-width="2.348cm"/></style:style><style:style style:name="Table20.A1" style:family="table-cell"><style:table-cell-properties style:vertical-align="middle" fo:padding="0.049cm" fo:border="none"/></style:style><style:style style:name="Table21" style:family="table"><style:table-properties style:width="2.9cm" table:align="left"/></style:style><style:style style:name="Table21.A" style:family="table-column"><style:table-column-properties style:column-width="0.531cm"/></style:style><style:style style:name="Table21.B" style:family="table-column"><style:table-column-properties style:column-width="2.369cm"/></style:style><style:style style:name="Table21.A1" style:family="table-cell"><style:table-cell-properties style:vertical-align="middle" fo:padding="0.049cm" fo:border="none"/></style:style><style:style style:name="Table22" style:family="table"><style:table-properties style:width="2.348cm" table:align="left"/></style:style><style:style style:name="Table22.A" style:family="table-column"><style:table-column-properties style:column-width="2.348cm"/></style:style><style:style style:name="Table22.A1" style:family="table-cell"><style:table-cell-properties style:vertical-align="middle" fo:padding="0.049cm" fo:border="none"/></style:style><style:style style:name="Table23" style:family="table"><style:table-properties style:width="2.57cm" table:align="left"/></style:style><style:style style:name="Table23.A" style:family="table-column"><style:table-column-properties style:column-width="0.531cm"/></style:style><style:style style:name="Table23.B" style:family="table-column"><style:table-column-properties style:column-width="2.039cm"/></style:style><style:style style:name="Table23.A1" style:family="table-cell"><style:table-cell-properties style:vertical-align="middle" fo:padding="0.049cm" fo:border="none"/></style:style><style:style style:name="Table24" style:family="table"><style:table-properties style:width="2.348cm" table:align="left"/></style:style><style:style style:name="Table24.A" style:family="table-column"><style:table-column-properties style:column-width="2.348cm"/></style:style><style:style style:name="Table24.A1" style:family="table-cell"><style:table-cell-properties style:vertical-align="middle" fo:padding="0.049cm" fo:border="none"/></style:style><style:style style:name="Table25" style:family="table"><style:table-properties style:width="3.997cm" table:align="left"/></style:style><style:style style:name="Table25.A" style:family="table-column"><style:table-column-properties style:column-width="0.531cm"/></style:style><style:style style:name="Table25.B" style:family="table-column"><style:table-column-properties style:column-width="3.466cm"/></style:style><style:style style:name="Table25.A1" style:family="table-cell"><style:table-cell-properties style:vertical-align="middle" fo:padding="0.049cm" fo:border="none"/></style:style><style:style style:name="P1" style:family="paragraph" style:parent-style-name="Standard"><style:text-properties officeooo:rsid="0000e69a" officeooo:paragraph-rsid="0000e69a"/></style:style><style:style style:name="P2" style:family="paragraph" style:parent-style-name="Standard"><style:paragraph-properties fo:margin-top="0cm" fo:margin-bottom="0cm" loext:contextual-spacing="false"/><style:text-properties fo:font-size="2pt" style:font-size-asian="2pt" style:font-size-complex="2pt"/></style:style><style:style style:name="P3" style:family="paragraph" style:parent-style-name="Text_20_body"><style:paragraph-properties fo:text-align="center" style:justify-single-word="false"/></style:style><style:style style:name="P4" style:family="paragraph" style:parent-style-name="Table_20_Contents"><style:text-properties fo:font-size="2pt" style:font-size-asian="2pt" style:font-size-complex="2pt"/></style:style><style:style style:name="P5" style:family="paragraph" style:parent-style-name="Table_20_Contents"><style:text-properties fo:font-size="2pt" officeooo:rsid="0000e69a" officeooo:paragraph-rsid="0000e69a" style:font-size-asian="2pt" style:font-size-complex="2pt"/></style:style><style:style style:name="P6" style:family="paragraph" style:parent-style-name="Table_20_Contents"><style:text-properties officeooo:rsid="0000e69a" officeooo:paragraph-rsid="0000e69a"/></style:style><style:style style:name="P7" style:family="paragraph" style:parent-style-name="Table_20_Contents"><style:text-properties officeooo:rsid="0003ae76" officeooo:paragraph-rsid="0003ae76"/></style:style><style:style style:name="P8" style:family="paragraph" style:parent-style-name="Table_20_Contents"><style:text-properties officeooo:rsid="00048bd3" officeooo:paragraph-rsid="00048bd3"/></style:style><style:style style:name="T1" style:family="text"><style:text-properties officeooo:rsid="0000e69a"/></style:style><style:style style:name="T2" style:family="text"><style:text-properties style:text-underline-style="solid" style:text-underline-type="double" style:text-underline-width="auto" style:text-underline-color="font-color"/></style:style><style:style style:name="T3" style:family="text"><style:text-properties officeooo:rsid="0003ae76"/></style:style><style:style style:name="fr1" style:family="graphic" style:parent-style-name="Graphics"><style:graphic-properties style:horizontal-pos="center" style:horizontal-rel="paragraph" style:mirror="none" fo:clip="rect(0cm, 0cm, 0cm, 0cm)" draw:luminance="0%" draw:contrast="0%" draw:red="0%" draw:green="0%" draw:blue="0%" draw:gamma="100%" draw:color-inversion="false" draw:image-opacity="100%" draw:color-mode="standard"/></style:style><style:style style:name="fr2" style:family="graphic" style:parent-style-name="Graphics"><style:graphic-properties fo:margin-left="0cm" fo:margin-right="0cm" fo:margin-top="0cm" fo:margin-bottom="0cm" style:vertical-pos="top" style:vertical-rel="baseline" fo:padding="0cm" fo:border="0.74pt solid #000080" style:mirror="none" fo:clip="rect(0cm, 0cm, 0cm, 0cm)" draw:luminance="0%" draw:contrast="0%" draw:red="0%" draw:green="0%" draw:blue="0%" draw:gamma="100%" draw:color-inversion="false" draw:image-opacity="100%" draw:color-mode="standard"/></style:style><style:style style:name="Sect1" style:family="section"><style:section-properties fo:margin-left="0cm" fo:margin-right="0cm" style:editable="false"><style:columns fo:column-count="1" fo:column-gap="0cm"/></style:section-properties></style:style></office:automatic-styles><office:body><office:text text:use-soft-page-breaks="true"><text:sequence-decls><text:sequence-decl text:display-outline-level="0" text:name="Illustration"/><text:sequence-decl text:display-outline-level="0" text:name="Table"/><text:sequence-decl text:display-outline-level="0" text:name="Text"/><text:sequence-decl text:display-outline-level="0" text:name="Drawing"/></text:sequence-decls><text:p text:style-name="Standard"><draw:frame draw:style-name="fr1" draw:name="Image1" text:anchor-type="paragraph" svg:width="5.953cm" svg:height="5.953cm" draw:z-index="0"><draw:image xlink:href="Pictures/10000201000000E1000000E1629D828FCC147903.png" xlink:type="simple" xlink:show="embed" xlink:actuate="onLoad"/></draw:frame></text:p><text:p text:style-name="Standard"/><text:p text:style-name="Standard"/><text:p text:style-name="Standard"/><text:p text:style-name="Standard"/><text:p text:style-name="Standard"/><text:p text:style-name="Standard"/><text:p text:style-name="Standard"/><text:p text:style-name="Standard"/><text:p text:style-name="Standard"/><text:p text:style-name="Standard"/><text:p text:style-name="Standard"/><text:p text:style-name="Standard"/><text:p text:style-name="Standard"/><text:p text:style-name="Standard"><text:bookmark text:name="mtq_row-1-1-1"/></text:p><table:table table:name="Table1" table:style-name="Table1"><table:table-column table:style-name="Table1.A"/><table:table-column table:style-name="Table1.B"/><table:table-row><table:table-cell table:style-name="Table1.A1" office:value-type="string"><text:section text:style-name="Sect1" text:name="mtq_button-1-1-1"><text:p text:style-name="Table_20_Contents">A</text:p></text:section></table:table-cell><table:table-cell table:style-name="Table1.A1" office:value-type="string"><text:section text:style-name="Sect1" text:name="mtq_answer_text-1-1-1"><text:p text:style-name="Table_20_Contents">Apache Server<text:bookmark text:name="mtq_row-1-2-1"/></text:p></text:section></table:table-cell></table:table-row><table:table-row><table:table-cell table:style-name="Table1.A1" office:value-type="string"><text:section text:style-name="Sect1" text:name="mtq_button-1-2-1"><text:p text:style-name="Table_20_Contents">B</text:p></text:section></table:table-cell><table:table-cell table:style-name="Table1.A1" office:value-type="string"><text:section text:style-name="Sect1" text:name="mtq_answer_text-1-2-1"><text:p text:style-name="Table_20_Contents">Ajax<text:bookmark text:name="mtq_row-1-3-1"/></text:p></text:section></table:table-cell></table:table-row><table:table-row><table:table-cell table:style-name="Table1.A1" office:value-type="string"><text:section text:style-name="Sect1" text:name="mtq_button-1-3-1"><text:p text:style-name="Table_20_Contents">C</text:p></text:section></table:table-cell><table:table-cell table:style-name="Table1.A1" office:value-type="string"><text:section text:style-name="Sect1" text:name="mtq_answer_text-1-3-1"><text:p text:style-name="Table_20_Contents">Angular JS <text:bookmark text:name="mtq_row-1-4-1"/></text:p></text:section></table:table-cell></table:table-row><table:table-row><table:table-cell table:style-name="Table1.A1" office:value-type="string"><text:section text:style-name="Sect1" text:name="mtq_button-1-4-1"><text:p text:style-name="Table_20_Contents">D</text:p></text:section></table:table-cell><table:table-cell table:style-name="Table1.A1" office:value-type="string"><text:section text:style-name="Sect1" text:name="mtq_answer_text-1-4-1"><text:p text:style-name="Table_20_Contents">Archery</text:p></text:section></table:table-cell></table:table-row></table:table><text:p text:style-name="P1">Ans c</text:p><text:p text:style-name="Standard"/><text:p text:style-name="Standard"><draw:frame draw:style-name="fr1" draw:name="Image2" text:anchor-type="paragraph" svg:width="5.703cm" svg:height="5.805cm" draw:z-index="1"><draw:image xlink:href="Pictures/10000201000001190000011EDB525BBB7F93E1B3.png" xlink:type="simple" xlink:show="embed" xlink:actuate="onLoad"/></draw:frame></text:p><text:p text:style-name="Standard"/><text:p text:style-name="Standard"/><text:p text:style-name="Standard"/><text:p text:style-name="Standard"/><text:p text:style-name="Standard"/><text:p text:style-name="Standard"/><text:p text:style-name="Standard"/><text:p text:style-name="Standard"/><text:p text:style-name="Standard"/><text:p text:style-name="Standard"/><text:p text:style-name="Standard"/><text:p text:style-name="Standard"/><text:p text:style-name="Standard"/><text:p text:style-name="P3"/><text:p text:style-name="P2"><text:bookmark text:name="mtq_row-2-1-1"/></text:p><table:table table:name="Table2" table:style-name="Table2"><table:table-column table:style-name="Table2.A"/><table:table-column table:style-name="Table2.B"/><table:table-row><table:table-cell table:style-name="Table2.A1" office:value-type="string"><text:section text:style-name="Sect1" text:name="mtq_button-2-1-1"><text:p text:style-name="Table_20_Contents">A</text:p></text:section></table:table-cell><table:table-cell table:style-name="Table2.A1" office:value-type="string"><text:section text:style-name="Sect1" text:name="mtq_answer_text-2-1-1"><text:p text:style-name="Table_20_Contents">At&amp;T<text:bookmark text:name="mtq_row-2-2-1"/></text:p></text:section></table:table-cell></table:table-row><table:table-row><table:table-cell table:style-name="Table2.A1" office:value-type="string"><text:section text:style-name="Sect1" text:name="mtq_button-2-2-1"><text:p text:style-name="Table_20_Contents">B</text:p></text:section></table:table-cell><table:table-cell table:style-name="Table2.A1" office:value-type="string"><text:section text:style-name="Sect1" text:name="mtq_answer_text-2-2-1"><text:p text:style-name="Table_20_Contents">iBall <text:bookmark text:name="mtq_row-2-3-1"/></text:p></text:section></table:table-cell></table:table-row><table:table-row><table:table-cell table:style-name="Table2.A1" office:value-type="string"><text:section text:style-name="Sect1" text:name="mtq_button-2-3-1"><text:p text:style-name="Table_20_Contents">C</text:p></text:section></table:table-cell><table:table-cell table:style-name="Table2.A1" office:value-type="string"><text:section text:style-name="Sect1" text:name="mtq_answer_text-2-3-1"><text:p text:style-name="Table_20_Contents">SanDisk<text:bookmark text:name="mtq_row-2-4-1"/></text:p></text:section></table:table-cell></table:table-row><table:table-row><table:table-cell table:style-name="Table2.A1" office:value-type="string"><text:section text:style-name="Sect1" text:name="mtq_button-2-4-1"><text:p text:style-name="Table_20_Contents">D</text:p></text:section></table:table-cell><table:table-cell table:style-name="Table2.A1" office:value-type="string"><text:section text:style-name="Sect1" text:name="mtq_answer_text-2-4-1"><text:p text:style-name="Table_20_Contents">Airtel</text:p></text:section></table:table-cell></table:table-row></table:table><text:p text:style-name="Standard"/><text:p text:style-name="P3">Identify this Logo :</text:p><text:section text:style-name="Sect1" text:name="mtq_question_text-3-1"><text:p text:style-name="P3"><text:soft-page-break/><draw:a xlink:type="simple" xlink:href="http://freefeast.info/wp-content/uploads//2014/11/3.jpg"><draw:frame draw:style-name="fr2" draw:name="Image3" text:anchor-type="as-char" svg:width="7.62cm" svg:height="4.71cm" draw:z-index="2"><draw:image xlink:href="Pictures/100000000000011E000000B0303E7B9FA04C6E5C.jpg" xlink:type="simple" xlink:show="embed" xlink:actuate="onLoad"/><svg:title>3</svg:title></draw:frame></draw:a></text:p></text:section><text:p text:style-name="P2"><text:bookmark text:name="mtq_row-3-1-1"/></text:p><table:table table:name="Table3" table:style-name="Table3"><table:table-column table:style-name="Table3.A"/><table:table-column table:style-name="Table3.B"/><table:table-row><table:table-cell table:style-name="Table3.A1" office:value-type="string"><text:section text:style-name="Sect1" text:name="mtq_button-3-1-1"><text:p text:style-name="Table_20_Contents">A</text:p></text:section></table:table-cell><table:table-cell table:style-name="Table3.A1" office:value-type="string"><text:section text:style-name="Sect1" text:name="mtq_answer_text-3-1-1"><text:p text:style-name="Table_20_Contents">Bing <text:bookmark text:name="mtq_row-3-2-1"/></text:p></text:section></table:table-cell></table:table-row><table:table-row><table:table-cell table:style-name="Table3.A1" office:value-type="string"><text:section text:style-name="Sect1" text:name="mtq_button-3-2-1"><text:p text:style-name="Table_20_Contents">B</text:p></text:section></table:table-cell><table:table-cell table:style-name="Table3.A1" office:value-type="string"><text:section text:style-name="Sect1" text:name="mtq_answer_text-3-2-1"><text:p text:style-name="Table_20_Contents">CloudWorld<text:bookmark text:name="mtq_row-3-3-1"/></text:p></text:section></table:table-cell></table:table-row><table:table-row><table:table-cell table:style-name="Table3.A1" office:value-type="string"><text:section text:style-name="Sect1" text:name="mtq_button-3-3-1"><text:p text:style-name="Table_20_Contents">C</text:p></text:section></table:table-cell><table:table-cell table:style-name="Table3.A1" office:value-type="string"><text:section text:style-name="Sect1" text:name="mtq_answer_text-3-3-1"><text:p text:style-name="Table_20_Contents">Microsoft Cloud<text:bookmark text:name="mtq_row-3-4-1"/></text:p></text:section></table:table-cell></table:table-row><table:table-row><table:table-cell table:style-name="Table3.A1" office:value-type="string"><text:section text:style-name="Sect1" text:name="mtq_button-3-4-1"><text:p text:style-name="Table_20_Contents">D</text:p></text:section></table:table-cell><table:table-cell table:style-name="Table3.A1" office:value-type="string"><text:section text:style-name="Sect1" text:name="mtq_answer_text-3-4-1"><text:p text:style-name="Table_20_Contents">G Dri<text:span text:style-name="T1">v</text:span></text:p></text:section></table:table-cell></table:table-row><table:table-row><table:table-cell table:style-name="Table3.A1" office:value-type="string"><text:p text:style-name="P6"/></table:table-cell><table:table-cell table:style-name="Table3.A1" office:value-type="string"><text:p text:style-name="P7">Ans A</text:p></table:table-cell></table:table-row><table:table-row><table:table-cell table:style-name="Table3.A1" office:value-type="string"><text:p text:style-name="P6"/></table:table-cell><table:table-cell table:style-name="Table3.A1" office:value-type="string"><text:p text:style-name="Table_20_Contents"/></table:table-cell></table:table-row></table:table><text:p text:style-name="P3"><draw:a xlink:type="simple" xlink:href="http://freefeast.info/wp-content/uploads//2014/11/4.jpg"><draw:frame draw:style-name="fr2" draw:name="Image4" text:anchor-type="as-char" svg:width="6.006cm" svg:height="6.006cm" draw:z-index="14"><draw:image xlink:href="Pictures/10000000000000E1000000E13B2341F824240704.jpg" xlink:type="simple" xlink:show="embed" xlink:actuate="onLoad"/><svg:title>4</svg:title></draw:frame></draw:a></text:p><text:p text:style-name="P2"/><table:table table:name="Table4" table:style-name="Table4"><table:table-column table:style-name="Table4.A"/><table:table-column table:style-name="Table4.B"/><table:table-row><table:table-cell table:style-name="Table4.A1" office:value-type="string"><text:section text:style-name="Sect1" text:name="mtq_button-4-1-1"><text:p text:style-name="Table_20_Contents">A</text:p></text:section></table:table-cell><table:table-cell table:style-name="Table4.A1" office:value-type="string"><text:section text:style-name="Sect1" text:name="mtq_answer_text-4-1-1"><text:p text:style-name="Table_20_Contents">Android JellyBean <text:bookmark text:name="mtq_row-4-2-1"/></text:p></text:section></table:table-cell></table:table-row><table:table-row><table:table-cell table:style-name="Table4.A1" office:value-type="string"><text:section text:style-name="Sect1" text:name="mtq_button-4-2-1"><text:p text:style-name="Table_20_Contents">B</text:p></text:section></table:table-cell><table:table-cell table:style-name="Table4.A1" office:value-type="string"><text:section text:style-name="Sect1" text:name="mtq_answer_text-4-2-1"><text:p text:style-name="Table_20_Contents">Candy Crush Saga <text:bookmark text:name="mtq_row-4-3-1"/></text:p></text:section></table:table-cell></table:table-row><table:table-row><table:table-cell table:style-name="Table4.A1" office:value-type="string"><text:section text:style-name="Sect1" text:name="mtq_button-4-3-1"><text:p text:style-name="Table_20_Contents">C</text:p></text:section></table:table-cell><table:table-cell table:style-name="Table4.A1" office:value-type="string"><text:section text:style-name="Sect1" text:name="mtq_answer_text-4-3-1"><text:p text:style-name="Table_20_Contents">Android Lollypop <text:bookmark text:name="mtq_row-4-4-1"/></text:p></text:section></table:table-cell></table:table-row><table:table-row><table:table-cell table:style-name="Table4.A1" office:value-type="string"><text:section text:style-name="Sect1" text:name="mtq_button-4-4-1"><text:p text:style-name="Table_20_Contents">D</text:p></text:section></table:table-cell><table:table-cell table:style-name="Table4.A1" office:value-type="string"><text:section text:style-name="Sect1" text:name="mtq_answer_text-4-4-1"><text:p text:style-name="Table_20_Contents">Candy Ville</text:p></text:section></table:table-cell></table:table-row></table:table><text:p text:style-name="P1">Ans B</text:p><text:section text:style-name="Sect1" text:name="mtq_scroll_container-1"><text:section text:style-name="Sect1" text:name="mtq_scroll_items_container-1"><text:p text:style-name="Standard"/><text:section text:style-name="Sect1" text:name="mtq_question-5-1"><text:section text:style-name="Sect1" text:name="mtq_question_text-5-1"><text:p text:style-name="P3"><draw:a xlink:type="simple" xlink:href="http://freefeast.info/wp-content/uploads//2014/11/5.jpg"><draw:frame draw:style-name="fr2" draw:name="Image5" text:anchor-type="as-char" svg:width="6.006cm" svg:height="6.006cm" draw:z-index="3"><draw:image xlink:href="Pictures/10000000000000E1000000E18EAAC5F8B1CDAD59.jpg" xlink:type="simple" xlink:show="embed" xlink:actuate="onLoad"/><svg:title>5</svg:title></draw:frame></draw:a></text:p></text:section><text:p text:style-name="P2"><text:bookmark text:name="mtq_row-5-1-1"/></text:p><table:table table:name="Table5" table:style-name="Table5"><table:table-column table:style-name="Table5.A"/><table:table-column table:style-name="Table5.B"/><table:table-row><table:table-cell table:style-name="Table5.A1" office:value-type="string"><text:section text:style-name="Sect1" text:name="mtq_button-5-1-1"><text:p text:style-name="Table_20_Contents">A</text:p></text:section></table:table-cell><table:table-cell table:style-name="Table5.A1" office:value-type="string"><text:section text:style-name="Sect1" text:name="mtq_answer_text-5-1-1"><text:p text:style-name="Table_20_Contents">AXML<text:bookmark text:name="mtq_row-5-2-1"/></text:p></text:section></table:table-cell></table:table-row><text:soft-page-break/><table:table-row><table:table-cell table:style-name="Table5.A1" office:value-type="string"><text:section text:style-name="Sect1" text:name="mtq_button-5-2-1"><text:p text:style-name="Table_20_Contents">B</text:p></text:section></table:table-cell><table:table-cell table:style-name="Table5.A1" office:value-type="string"><text:section text:style-name="Sect1" text:name="mtq_answer_text-5-2-1"><text:p text:style-name="Table_20_Contents">Android Viewer <text:bookmark text:name="mtq_row-5-3-1"/></text:p></text:section></table:table-cell></table:table-row><table:table-row><table:table-cell table:style-name="Table5.A1" office:value-type="string"><text:section text:style-name="Sect1" text:name="mtq_button-5-3-1"><text:p text:style-name="Table_20_Contents">C</text:p></text:section></table:table-cell><table:table-cell table:style-name="Table5.A1" office:value-type="string"><text:section text:style-name="Sect1" text:name="mtq_answer_text-5-3-1"><text:p text:style-name="Table_20_Contents">App Store <text:bookmark text:name="mtq_row-5-4-1"/></text:p></text:section></table:table-cell></table:table-row><table:table-row><table:table-cell table:style-name="Table5.A1" office:value-type="string"><text:section text:style-name="Sect1" text:name="mtq_marker-5-4-1"><text:p text:style-name="P5"/></text:section></table:table-cell><table:table-cell table:style-name="Table5.A1" office:value-type="string"><text:section text:style-name="Sect1" text:name="mtq_answer_text-5-4-1"><text:p text:style-name="Table_20_Contents">None of these</text:p></text:section></table:table-cell></table:table-row><table:table-row><table:table-cell table:style-name="Table5.A1" office:value-type="string"><text:p text:style-name="P5"/></table:table-cell><table:table-cell table:style-name="Table5.A1" office:value-type="string"><text:p text:style-name="P6"><text:span text:style-name="T3">Ans </text:span>C</text:p></table:table-cell></table:table-row></table:table></text:section><text:section text:style-name="Sect1" text:name="mtq_question-6-1"><table:table table:name="Table6" table:style-name="Table6"><table:table-column table:style-name="Table6.A"/><table:table-row><table:table-cell table:style-name="Table6.A1" office:value-type="string"><text:p text:style-name="Table_20_Contents">Question 6</text:p><text:section text:style-name="Sect1" text:name="mtq_stamp-6-1"><text:p text:style-name="P4"/></text:section></table:table-cell></table:table-row></table:table><text:section text:style-name="Sect1" text:name="mtq_question_text-6-1"><text:p text:style-name="P3">Identify this Logo :</text:p><text:p text:style-name="P3"><draw:a xlink:type="simple" xlink:href="http://freefeast.info/wp-content/uploads//2014/11/6.png"><draw:frame draw:style-name="fr2" draw:name="Image6" text:anchor-type="as-char" svg:width="5.345cm" svg:height="5.345cm" draw:z-index="4"><draw:image xlink:href="Pictures/100002010000012D000001359895B4C19E4E8D1C.png" xlink:type="simple" xlink:show="embed" xlink:actuate="onLoad"/><svg:title>6</svg:title></draw:frame></draw:a></text:p></text:section><text:p text:style-name="P2"><text:bookmark text:name="mtq_row-6-1-1"/></text:p><table:table table:name="Table7" table:style-name="Table7"><table:table-column table:style-name="Table7.A"/><table:table-column table:style-name="Table7.B"/><table:table-row><table:table-cell table:style-name="Table7.A1" office:value-type="string"><text:section text:style-name="Sect1" text:name="mtq_button-6-1-1"><text:p text:style-name="Table_20_Contents">A</text:p></text:section></table:table-cell><table:table-cell table:style-name="Table7.A1" office:value-type="string"><text:section text:style-name="Sect1" text:name="mtq_answer_text-6-1-1"><text:p text:style-name="Table_20_Contents">E-Target<text:bookmark text:name="mtq_row-6-2-1"/></text:p></text:section></table:table-cell></table:table-row><table:table-row><table:table-cell table:style-name="Table7.A1" office:value-type="string"><text:section text:style-name="Sect1" text:name="mtq_button-6-2-1"><text:p text:style-name="Table_20_Contents">B</text:p></text:section></table:table-cell><table:table-cell table:style-name="Table7.A1" office:value-type="string"><text:section text:style-name="Sect1" text:name="mtq_answer_text-6-2-1"><text:p text:style-name="Table_20_Contents">Spamton<text:bookmark text:name="mtq_row-6-3-1"/></text:p></text:section></table:table-cell></table:table-row><table:table-row><table:table-cell table:style-name="Table7.A1" office:value-type="string"><text:section text:style-name="Sect1" text:name="mtq_button-6-3-1"><text:p text:style-name="Table_20_Contents">C</text:p></text:section></table:table-cell><table:table-cell table:style-name="Table7.A1" office:value-type="string"><text:section text:style-name="Sect1" text:name="mtq_answer_text-6-3-1"><text:p text:style-name="Table_20_Contents">T-Mobile<text:bookmark text:name="mtq_row-6-4-1"/></text:p></text:section></table:table-cell></table:table-row><table:table-row><table:table-cell table:style-name="Table7.A1" office:value-type="string"><text:section text:style-name="Sect1" text:name="mtq_button-6-4-1"><text:p text:style-name="Table_20_Contents">D</text:p></text:section></table:table-cell><table:table-cell table:style-name="Table7.A1" office:value-type="string"><text:section text:style-name="Sect1" text:name="mtq_answer_text-6-4-1"><text:p text:style-name="Table_20_Contents">Norton</text:p></text:section></table:table-cell></table:table-row><table:table-row><table:table-cell table:style-name="Table7.A1" office:value-type="string"><text:p text:style-name="Table_20_Contents"/></table:table-cell><table:table-cell table:style-name="Table7.A1" office:value-type="string"><text:p text:style-name="P7">Ans D</text:p></table:table-cell></table:table-row></table:table></text:section><text:section text:style-name="Sect1" text:name="mtq_question-7-1"><table:table table:name="Table8" table:style-name="Table8"><table:table-column table:style-name="Table8.A"/><table:table-row><table:table-cell table:style-name="Table8.A1" office:value-type="string"><text:p text:style-name="Table_20_Contents">Question 7</text:p><text:section text:style-name="Sect1" text:name="mtq_stamp-7-1"><text:p text:style-name="P4"/></text:section></table:table-cell></table:table-row></table:table><text:section text:style-name="Sect1" text:name="mtq_question_text-7-1"><text:p text:style-name="P3">Identify this Logo :</text:p><text:p text:style-name="P3"><draw:a xlink:type="simple" xlink:href="http://freefeast.info/wp-content/uploads//2014/11/7.jpg"><draw:frame draw:style-name="fr2" draw:name="Image7" text:anchor-type="as-char" svg:width="5.345cm" svg:height="5.345cm" draw:z-index="5"><draw:image xlink:href="Pictures/10000000000001500000011B925172519EDDB001.jpg" xlink:type="simple" xlink:show="embed" xlink:actuate="onLoad"/><svg:title>7</svg:title></draw:frame></draw:a></text:p></text:section><text:p text:style-name="P2"><text:bookmark text:name="mtq_row-7-1-1"/></text:p><table:table table:name="Table9" table:style-name="Table9"><table:table-column table:style-name="Table9.A"/><table:table-column table:style-name="Table9.B"/><table:table-row><table:table-cell table:style-name="Table9.A1" office:value-type="string"><text:section text:style-name="Sect1" text:name="mtq_button-7-1-1"><text:p text:style-name="Table_20_Contents">A</text:p></text:section></table:table-cell><table:table-cell table:style-name="Table9.A1" office:value-type="string"><text:section text:style-name="Sect1" text:name="mtq_answer_text-7-1-1"><text:p text:style-name="Table_20_Contents">BlueFish <text:bookmark text:name="mtq_row-7-2-1"/></text:p></text:section></table:table-cell></table:table-row><table:table-row><table:table-cell table:style-name="Table9.A1" office:value-type="string"><text:section text:style-name="Sect1" text:name="mtq_button-7-2-1"><text:p text:style-name="Table_20_Contents">B</text:p></text:section></table:table-cell><table:table-cell table:style-name="Table9.A1" office:value-type="string"><text:section text:style-name="Sect1" text:name="mtq_answer_text-7-2-1"><text:p text:style-name="Table_20_Contents">Blue Firm<text:bookmark text:name="mtq_row-7-3-1"/></text:p></text:section></table:table-cell></table:table-row><table:table-row><table:table-cell table:style-name="Table9.A1" office:value-type="string"><text:section text:style-name="Sect1" text:name="mtq_button-7-3-1"><text:p text:style-name="Table_20_Contents">C</text:p></text:section></table:table-cell><table:table-cell table:style-name="Table9.A1" office:value-type="string"><text:section text:style-name="Sect1" text:name="mtq_answer_text-7-3-1"><text:p text:style-name="Table_20_Contents">Blue Shark<text:bookmark text:name="mtq_row-7-4-1"/></text:p></text:section></table:table-cell></table:table-row><table:table-row><table:table-cell table:style-name="Table9.A1" office:value-type="string"><text:section text:style-name="Sect1" text:name="mtq_button-7-4-1"><text:p text:style-name="Table_20_Contents">D</text:p></text:section></table:table-cell><table:table-cell table:style-name="Table9.A1" office:value-type="string"><text:section text:style-name="Sect1" text:name="mtq_answer_text-7-4-1"><text:p text:style-name="Table_20_Contents">None of thes<text:span text:style-name="T3">e</text:span></text:p></text:section></table:table-cell></table:table-row><table:table-row><table:table-cell table:style-name="Table9.A1" office:value-type="string"><text:p text:style-name="Table_20_Contents"/></table:table-cell><table:table-cell table:style-name="Table9.A1" office:value-type="string"><text:p text:style-name="P7">Ans A</text:p></table:table-cell></table:table-row></table:table></text:section><text:section text:style-name="Sect1" text:name="mtq_question-8-1"><text:p text:style-name="Text_20_body"/><text:p text:style-name="Text_20_body"/><text:p text:style-name="Text_20_body"/><text:p text:style-name="Text_20_body"><text:soft-page-break/></text:p><table:table table:name="Table10" table:style-name="Table10"><table:table-column table:style-name="Table10.A"/><table:table-row><table:table-cell table:style-name="Table10.A1" office:value-type="string"><text:p text:style-name="Table_20_Contents">Question <text:span text:style-name="T3">8</text:span></text:p></table:table-cell></table:table-row></table:table><text:section text:style-name="Sect1" text:name="mtq_question_text-8-1"><text:p text:style-name="P3"/><text:p text:style-name="P3"><draw:a xlink:type="simple" xlink:href="http://freefeast.info/wp-content/uploads//2014/11/8.jpg"><draw:frame draw:style-name="fr2" draw:name="Image8" text:anchor-type="as-char" svg:width="5.45cm" svg:height="5.583cm" draw:z-index="6"><draw:image xlink:href="Pictures/10000000000000CC000000D1563EBC0B3AE92A80.jpg" xlink:type="simple" xlink:show="embed" xlink:actuate="onLoad"/><svg:title>8</svg:title></draw:frame></draw:a></text:p></text:section><text:p text:style-name="P2"><text:bookmark text:name="mtq_row-8-1-1"/></text:p><table:table table:name="Table11" table:style-name="Table11"><table:table-column table:style-name="Table11.A"/><table:table-column table:style-name="Table11.B"/><table:table-row><table:table-cell table:style-name="Table11.A1" office:value-type="string"><text:section text:style-name="Sect1" text:name="mtq_button-8-1-1"><text:p text:style-name="Table_20_Contents">A</text:p></text:section></table:table-cell><table:table-cell table:style-name="Table11.A1" office:value-type="string"><text:section text:style-name="Sect1" text:name="mtq_answer_text-8-1-1"><text:p text:style-name="Table_20_Contents">Dream Viewer<text:bookmark text:name="mtq_row-8-2-1"/></text:p></text:section></table:table-cell></table:table-row><table:table-row><table:table-cell table:style-name="Table11.A1" office:value-type="string"><text:section text:style-name="Sect1" text:name="mtq_button-8-2-1"><text:p text:style-name="Table_20_Contents">B</text:p></text:section></table:table-cell><table:table-cell table:style-name="Table11.A1" office:value-type="string"><text:section text:style-name="Sect1" text:name="mtq_answer_text-8-2-1"><text:p text:style-name="Table_20_Contents">Myntra.com<text:bookmark text:name="mtq_row-8-3-1"/></text:p></text:section></table:table-cell></table:table-row><table:table-row><table:table-cell table:style-name="Table11.A1" office:value-type="string"><text:section text:style-name="Sect1" text:name="mtq_button-8-3-1"><text:p text:style-name="Table_20_Contents">C</text:p></text:section></table:table-cell><table:table-cell table:style-name="Table11.A1" office:value-type="string"><text:section text:style-name="Sect1" text:name="mtq_answer_text-8-3-1"><text:p text:style-name="Table_20_Contents">RedBus.in<text:bookmark text:name="mtq_row-8-4-1"/></text:p></text:section></table:table-cell></table:table-row><table:table-row><table:table-cell table:style-name="Table11.A1" office:value-type="string"><text:section text:style-name="Sect1" text:name="mtq_button-8-4-1"><text:p text:style-name="Table_20_Contents">D</text:p></text:section></table:table-cell><table:table-cell table:style-name="Table11.A1" office:value-type="string"><text:section text:style-name="Sect1" text:name="mtq_answer_text-8-4-1"><text:p text:style-name="Table_20_Contents">MTS</text:p></text:section></table:table-cell></table:table-row><table:table-row><table:table-cell table:style-name="Table11.A1" office:value-type="string"><text:p text:style-name="Table_20_Contents"/></table:table-cell><table:table-cell table:style-name="Table11.A1" office:value-type="string"><text:p text:style-name="P7">Ans D</text:p></table:table-cell></table:table-row></table:table></text:section><text:section text:style-name="Sect1" text:name="mtq_question-9-1"><table:table table:name="Table12" table:style-name="Table12"><table:table-column table:style-name="Table12.A"/><table:table-row><table:table-cell table:style-name="Table12.A1" office:value-type="string"><text:p text:style-name="Table_20_Contents">Question 9</text:p><text:section text:style-name="Sect1" text:name="mtq_stamp-9-1"><text:p text:style-name="P4"/></text:section></table:table-cell></table:table-row></table:table><text:section text:style-name="Sect1" text:name="mtq_question_text-9-1"><text:p text:style-name="P3">Identify this Logo :</text:p><text:p text:style-name="P3"><draw:a xlink:type="simple" xlink:href="http://freefeast.info/wp-content/uploads//2014/11/9.jpg"><draw:frame draw:style-name="fr2" draw:name="Image9" text:anchor-type="as-char" svg:width="5.345cm" svg:height="5.345cm" draw:z-index="7"><draw:image xlink:href="Pictures/100000000000012D000001037832BC37397FC535.jpg" xlink:type="simple" xlink:show="embed" xlink:actuate="onLoad"/><svg:title>9</svg:title></draw:frame></draw:a></text:p></text:section><text:p text:style-name="P2"><text:bookmark text:name="mtq_row-9-1-1"/></text:p><table:table table:name="Table13" table:style-name="Table13"><table:table-column table:style-name="Table13.A"/><table:table-column table:style-name="Table13.B"/><table:table-row><table:table-cell table:style-name="Table13.A1" office:value-type="string"><text:section text:style-name="Sect1" text:name="mtq_button-9-1-1"><text:p text:style-name="Table_20_Contents">A</text:p></text:section></table:table-cell><table:table-cell table:style-name="Table13.A1" office:value-type="string"><text:section text:style-name="Sect1" text:name="mtq_answer_text-9-1-1"><text:p text:style-name="Table_20_Contents">Google Wallet<text:bookmark text:name="mtq_row-9-2-1"/></text:p></text:section></table:table-cell></table:table-row><table:table-row><table:table-cell table:style-name="Table13.A1" office:value-type="string"><text:section text:style-name="Sect1" text:name="mtq_button-9-2-1"><text:p text:style-name="Table_20_Contents">B</text:p></text:section></table:table-cell><table:table-cell table:style-name="Table13.A1" office:value-type="string"><text:section text:style-name="Sect1" text:name="mtq_answer_text-9-2-1"><text:p text:style-name="Table_20_Contents">Bluestackes<text:bookmark text:name="mtq_row-9-3-1"/></text:p></text:section></table:table-cell></table:table-row><table:table-row><table:table-cell table:style-name="Table13.A1" office:value-type="string"><text:section text:style-name="Sect1" text:name="mtq_button-9-3-1"><text:p text:style-name="Table_20_Contents">C</text:p></text:section></table:table-cell><table:table-cell table:style-name="Table13.A1" office:value-type="string"><text:section text:style-name="Sect1" text:name="mtq_answer_text-9-3-1"><text:p text:style-name="Table_20_Contents">Android Bucket<text:bookmark text:name="mtq_row-9-4-1"/></text:p></text:section></table:table-cell></table:table-row><table:table-row><table:table-cell table:style-name="Table13.A1" office:value-type="string"><text:section text:style-name="Sect1" text:name="mtq_button-9-4-1"><text:p text:style-name="Table_20_Contents">D</text:p></text:section></table:table-cell><table:table-cell table:style-name="Table13.A1" office:value-type="string"><text:section text:style-name="Sect1" text:name="mtq_answer_text-9-4-1"><text:p text:style-name="Table_20_Contents">None of these</text:p></text:section></table:table-cell></table:table-row><table:table-row><table:table-cell table:style-name="Table13.A1" office:value-type="string"><text:p text:style-name="Table_20_Contents"/></table:table-cell><table:table-cell table:style-name="Table13.A1" office:value-type="string"><text:p text:style-name="P7">Ans B</text:p></table:table-cell></table:table-row></table:table></text:section><text:section text:style-name="Sect1" text:name="mtq_question-10-1"><text:p text:style-name="Text_20_body"/><text:p text:style-name="Text_20_body"/><text:p text:style-name="Text_20_body"/><text:p text:style-name="Text_20_body"/><text:p text:style-name="Text_20_body"/><table:table table:name="Table14" table:style-name="Table14"><table:table-column table:style-name="Table14.A"/><text:soft-page-break/><table:table-row><table:table-cell table:style-name="Table14.A1" office:value-type="string"><text:p text:style-name="Table_20_Contents">Question 10</text:p><text:section text:style-name="Sect1" text:name="mtq_stamp-10-1"><text:p text:style-name="P4"/></text:section></table:table-cell></table:table-row></table:table><text:section text:style-name="Sect1" text:name="mtq_question_text-10-1"><text:p text:style-name="P3">Identify this Logo :</text:p><text:p text:style-name="P3"><draw:a xlink:type="simple" xlink:href="http://freefeast.info/wp-content/uploads//2014/11/10.jpg"><draw:frame draw:style-name="fr2" draw:name="Image10" text:anchor-type="as-char" svg:width="5.9cm" svg:height="5.636cm" draw:z-index="8"><draw:image xlink:href="Pictures/10000000000000DD000000D35F0123EF031C62D8.jpg" xlink:type="simple" xlink:show="embed" xlink:actuate="onLoad"/><svg:title>10</svg:title></draw:frame></draw:a></text:p></text:section><text:p text:style-name="P2"><text:bookmark text:name="mtq_row-10-1-1"/></text:p><table:table table:name="Table15" table:style-name="Table15"><table:table-column table:style-name="Table15.A"/><table:table-column table:style-name="Table15.B"/><table:table-row><table:table-cell table:style-name="Table15.A1" office:value-type="string"><text:section text:style-name="Sect1" text:name="mtq_button-10-1-1"><text:p text:style-name="Table_20_Contents">A</text:p></text:section></table:table-cell><table:table-cell table:style-name="Table15.A1" office:value-type="string"><text:section text:style-name="Sect1" text:name="mtq_answer_text-10-1-1"><text:p text:style-name="Table_20_Contents">iTune<text:bookmark text:name="mtq_row-10-2-1"/></text:p></text:section></table:table-cell></table:table-row><table:table-row><table:table-cell table:style-name="Table15.A1" office:value-type="string"><text:section text:style-name="Sect1" text:name="mtq_button-10-2-1"><text:p text:style-name="Table_20_Contents">B</text:p></text:section></table:table-cell><table:table-cell table:style-name="Table15.A1" office:value-type="string"><text:section text:style-name="Sect1" text:name="mtq_answer_text-10-2-1"><text:p text:style-name="Table_20_Contents">i-Reader <text:bookmark text:name="mtq_row-10-3-1"/></text:p></text:section></table:table-cell></table:table-row><table:table-row><table:table-cell table:style-name="Table15.A1" office:value-type="string"><text:section text:style-name="Sect1" text:name="mtq_button-10-3-1"><text:p text:style-name="Table_20_Contents">C</text:p></text:section></table:table-cell><table:table-cell table:style-name="Table15.A1" office:value-type="string"><text:section text:style-name="Sect1" text:name="mtq_answer_text-10-3-1"><text:p text:style-name="Table_20_Contents">iPod <text:bookmark text:name="mtq_row-10-4-1"/></text:p></text:section></table:table-cell></table:table-row><table:table-row><table:table-cell table:style-name="Table15.A1" office:value-type="string"><text:section text:style-name="Sect1" text:name="mtq_button-10-4-1"><text:p text:style-name="Table_20_Contents">D</text:p></text:section></table:table-cell><table:table-cell table:style-name="Table15.A1" office:value-type="string"><text:section text:style-name="Sect1" text:name="mtq_answer_text-10-4-1"><text:p text:style-name="Table_20_Contents">Iball</text:p></text:section></table:table-cell></table:table-row><table:table-row><table:table-cell table:style-name="Table15.A1" office:value-type="string"><text:p text:style-name="Table_20_Contents"/></table:table-cell><table:table-cell table:style-name="Table15.A1" office:value-type="string"><text:p text:style-name="P7">Ans D</text:p></table:table-cell></table:table-row></table:table></text:section><text:section text:style-name="Sect1" text:name="mtq_question-11-1"><table:table table:name="Table16" table:style-name="Table16"><table:table-column table:style-name="Table16.A"/><table:table-row><table:table-cell table:style-name="Table16.A1" office:value-type="string"><text:p text:style-name="Table_20_Contents">Question 11</text:p><text:section text:style-name="Sect1" text:name="mtq_stamp-11-1"><text:p text:style-name="P4"/></text:section></table:table-cell></table:table-row></table:table><text:section text:style-name="Sect1" text:name="mtq_question_text-11-1"><text:p text:style-name="P3">Identify this Logo :</text:p><text:p text:style-name="P3"><draw:a xlink:type="simple" xlink:href="http://freefeast.info/wp-content/uploads//2014/11/11.jpg"><draw:frame draw:style-name="fr2" draw:name="Image11" text:anchor-type="as-char" svg:width="5.9cm" svg:height="5.768cm" draw:z-index="9"><draw:image xlink:href="Pictures/10000000000000DD000000D887671D710632670F.jpg" xlink:type="simple" xlink:show="embed" xlink:actuate="onLoad"/><svg:title>11</svg:title></draw:frame></draw:a></text:p></text:section><text:p text:style-name="P2"><text:bookmark text:name="mtq_row-11-1-1"/></text:p><table:table table:name="Table17" table:style-name="Table17"><table:table-column table:style-name="Table17.A"/><table:table-column table:style-name="Table17.B"/><table:table-row><table:table-cell table:style-name="Table17.A1" office:value-type="string"><text:section text:style-name="Sect1" text:name="mtq_button-11-1-1"><text:p text:style-name="Table_20_Contents">A</text:p></text:section></table:table-cell><table:table-cell table:style-name="Table17.A1" office:value-type="string"><text:section text:style-name="Sect1" text:name="mtq_answer_text-11-1-1"><text:p text:style-name="Table_20_Contents">GeekLog 7<text:bookmark text:name="mtq_row-11-2-1"/></text:p></text:section></table:table-cell></table:table-row><table:table-row><table:table-cell table:style-name="Table17.A1" office:value-type="string"><text:section text:style-name="Sect1" text:name="mtq_button-11-2-1"><text:p text:style-name="Table_20_Contents">B</text:p></text:section></table:table-cell><table:table-cell table:style-name="Table17.A1" office:value-type="string"><text:section text:style-name="Sect1" text:name="mtq_answer_text-11-2-1"><text:p text:style-name="Table_20_Contents">Mamboo 3<text:bookmark text:name="mtq_row-11-3-1"/></text:p></text:section></table:table-cell></table:table-row><table:table-row><table:table-cell table:style-name="Table17.A1" office:value-type="string"><text:section text:style-name="Sect1" text:name="mtq_button-11-3-1"><text:p text:style-name="Table_20_Contents">C</text:p></text:section></table:table-cell><table:table-cell table:style-name="Table17.A1" office:value-type="string"><text:section text:style-name="Sect1" text:name="mtq_answer_text-11-3-1"><text:p text:style-name="Table_20_Contents">Concrete 5<text:bookmark text:name="mtq_row-11-4-1"/></text:p></text:section></table:table-cell></table:table-row><table:table-row><table:table-cell table:style-name="Table17.A1" office:value-type="string"><text:section text:style-name="Sect1" text:name="mtq_button-11-4-1"><text:p text:style-name="Table_20_Contents">D</text:p></text:section></table:table-cell><table:table-cell table:style-name="Table17.A1" office:value-type="string"><text:section text:style-name="Sect1" text:name="mtq_answer_text-11-4-1"><text:p text:style-name="Table_20_Contents">CSS 2</text:p></text:section></table:table-cell></table:table-row><table:table-row><table:table-cell table:style-name="Table17.A1" office:value-type="string"><text:p text:style-name="Table_20_Contents"/></table:table-cell><table:table-cell table:style-name="Table17.A1" office:value-type="string"><text:p text:style-name="P7">Ans C</text:p></table:table-cell></table:table-row></table:table></text:section><text:section text:style-name="Sect1" text:name="mtq_question-12-1"><text:p text:style-name="Text_20_body"/><text:p text:style-name="Text_20_body"/><text:p text:style-name="Text_20_body"/><text:p text:style-name="Text_20_body"/><text:p text:style-name="Text_20_body"/><table:table table:name="Table18" table:style-name="Table18"><table:table-column table:style-name="Table18.A"/><text:soft-page-break/><table:table-row><table:table-cell table:style-name="Table18.A1" office:value-type="string"><text:p text:style-name="Table_20_Contents">Question 12</text:p><text:section text:style-name="Sect1" text:name="mtq_stamp-12-1"><text:p text:style-name="P4"/></text:section></table:table-cell></table:table-row></table:table><text:section text:style-name="Sect1" text:name="mtq_question_text-12-1"><text:p text:style-name="P3">Identify this Logo :</text:p><text:p text:style-name="P3"><draw:a xlink:type="simple" xlink:href="http://freefeast.info/wp-content/uploads//2014/11/12.jpg"><draw:frame draw:style-name="fr2" draw:name="Image12" text:anchor-type="as-char" svg:width="5.98cm" svg:height="5.98cm" draw:z-index="10"><draw:image xlink:href="Pictures/10000000000000E0000000E065D51457122969AF.jpg" xlink:type="simple" xlink:show="embed" xlink:actuate="onLoad"/><svg:title>12</svg:title></draw:frame></draw:a></text:p></text:section><text:p text:style-name="P2"><text:bookmark text:name="mtq_row-12-1-1"/></text:p><table:table table:name="Table19" table:style-name="Table19"><table:table-column table:style-name="Table19.A"/><table:table-column table:style-name="Table19.B"/><table:table-row><table:table-cell table:style-name="Table19.A1" office:value-type="string"><text:section text:style-name="Sect1" text:name="mtq_button-12-1-1"><text:p text:style-name="Table_20_Contents">A</text:p></text:section></table:table-cell><table:table-cell table:style-name="Table19.A1" office:value-type="string"><text:section text:style-name="Sect1" text:name="mtq_answer_text-12-1-1"><text:p text:style-name="Table_20_Contents">Xoops <text:bookmark text:name="mtq_row-12-2-1"/></text:p></text:section></table:table-cell></table:table-row><table:table-row><table:table-cell table:style-name="Table19.A1" office:value-type="string"><text:section text:style-name="Sect1" text:name="mtq_button-12-2-1"><text:p text:style-name="Table_20_Contents">B</text:p></text:section></table:table-cell><table:table-cell table:style-name="Table19.A1" office:value-type="string"><text:section text:style-name="Sect1" text:name="mtq_answer_text-12-2-1"><text:p text:style-name="Table_20_Contents">XCode<text:bookmark text:name="mtq_row-12-3-1"/></text:p></text:section></table:table-cell></table:table-row><table:table-row><table:table-cell table:style-name="Table19.A1" office:value-type="string"><text:section text:style-name="Sect1" text:name="mtq_button-12-3-1"><text:p text:style-name="Table_20_Contents">C</text:p></text:section></table:table-cell><table:table-cell table:style-name="Table19.A1" office:value-type="string"><text:section text:style-name="Sect1" text:name="mtq_answer_text-12-3-1"><text:p text:style-name="Table_20_Contents">XQueue<text:bookmark text:name="mtq_row-12-4-1"/></text:p></text:section></table:table-cell></table:table-row><table:table-row><table:table-cell table:style-name="Table19.A1" office:value-type="string"><text:section text:style-name="Sect1" text:name="mtq_button-12-4-1"><text:p text:style-name="Table_20_Contents">D</text:p></text:section></table:table-cell><table:table-cell table:style-name="Table19.A1" office:value-type="string"><text:section text:style-name="Sect1" text:name="mtq_answer_text-12-4-1"><text:p text:style-name="Table_20_Contents">XOL</text:p></text:section></table:table-cell></table:table-row><table:table-row><table:table-cell table:style-name="Table19.A1" office:value-type="string"><text:p text:style-name="Table_20_Contents"/></table:table-cell><table:table-cell table:style-name="Table19.A1" office:value-type="string"><text:p text:style-name="P7">Ans B</text:p></table:table-cell></table:table-row></table:table></text:section><text:section text:style-name="Sect1" text:name="mtq_question-13-1"><table:table table:name="Table20" table:style-name="Table20"><table:table-column table:style-name="Table20.A"/><table:table-row><table:table-cell table:style-name="Table20.A1" office:value-type="string"><text:p text:style-name="Table_20_Contents">Question 13</text:p><text:section text:style-name="Sect1" text:name="mtq_stamp-13-1"><text:p text:style-name="P4"/></text:section></table:table-cell></table:table-row></table:table><text:section text:style-name="Sect1" text:name="mtq_question_text-13-1"><text:p text:style-name="P3">Identify this Logo :</text:p><text:p text:style-name="P3"><draw:a xlink:type="simple" xlink:href="http://freefeast.info/wp-content/uploads//2014/11/13.png"><draw:frame draw:style-name="fr2" draw:name="Image13" text:anchor-type="as-char" svg:width="5.345cm" svg:height="5.345cm" draw:z-index="11"><draw:image xlink:href="Pictures/100002010000012C0000012CA34FD9D521A5BA0C.png" xlink:type="simple" xlink:show="embed" xlink:actuate="onLoad"/><svg:title>13</svg:title></draw:frame></draw:a></text:p></text:section><text:p text:style-name="P2"><text:bookmark text:name="mtq_row-13-1-1"/></text:p><table:table table:name="Table21" table:style-name="Table21"><table:table-column table:style-name="Table21.A"/><table:table-column table:style-name="Table21.B"/><table:table-row><table:table-cell table:style-name="Table21.A1" office:value-type="string"><text:section text:style-name="Sect1" text:name="mtq_button-13-1-1"><text:p text:style-name="Table_20_Contents">A</text:p></text:section></table:table-cell><table:table-cell table:style-name="Table21.A1" office:value-type="string"><text:section text:style-name="Sect1" text:name="mtq_answer_text-13-1-1"><text:p text:style-name="Table_20_Contents">GhostClean <text:bookmark text:name="mtq_row-13-2-1"/></text:p></text:section></table:table-cell></table:table-row><table:table-row><table:table-cell table:style-name="Table21.A1" office:value-type="string"><text:section text:style-name="Sect1" text:name="mtq_button-13-2-1"><text:p text:style-name="Table_20_Contents">B</text:p></text:section></table:table-cell><table:table-cell table:style-name="Table21.A1" office:value-type="string"><text:section text:style-name="Sect1" text:name="mtq_answer_text-13-2-1"><text:p text:style-name="Table_20_Contents">ModX<text:bookmark text:name="mtq_row-13-3-1"/></text:p></text:section></table:table-cell></table:table-row><table:table-row><table:table-cell table:style-name="Table21.A1" office:value-type="string"><text:section text:style-name="Sect1" text:name="mtq_button-13-3-1"><text:p text:style-name="Table_20_Contents">C</text:p></text:section></table:table-cell><table:table-cell table:style-name="Table21.A1" office:value-type="string"><text:section text:style-name="Sect1" text:name="mtq_answer_text-13-3-1"><text:p text:style-name="Table_20_Contents">Scuttle <text:bookmark text:name="mtq_row-13-4-1"/></text:p></text:section></table:table-cell></table:table-row><table:table-row><table:table-cell table:style-name="Table21.A1" office:value-type="string"><text:section text:style-name="Sect1" text:name="mtq_button-13-4-1"><text:p text:style-name="Table_20_Contents">D</text:p></text:section></table:table-cell><table:table-cell table:style-name="Table21.A1" office:value-type="string"><text:section text:style-name="Sect1" text:name="mtq_answer_text-13-4-1"><text:p text:style-name="Table_20_Contents">Snapchat</text:p></text:section></table:table-cell></table:table-row><table:table-row><table:table-cell table:style-name="Table21.A1" office:value-type="string"><text:p text:style-name="Table_20_Contents"/></table:table-cell><table:table-cell table:style-name="Table21.A1" office:value-type="string"><text:p text:style-name="P7">Ans D</text:p></table:table-cell></table:table-row></table:table></text:section><text:section text:style-name="Sect1" text:name="mtq_question-14-1"><text:p text:style-name="Text_20_body"/><text:p text:style-name="Text_20_body"/><text:p text:style-name="Text_20_body"/><text:p text:style-name="Text_20_body"/><text:p text:style-name="Text_20_body"/><text:p text:style-name="Text_20_body"/><table:table table:name="Table22" table:style-name="Table22"><table:table-column table:style-name="Table22.A"/><text:soft-page-break/><table:table-row><table:table-cell table:style-name="Table22.A1" office:value-type="string"><text:p text:style-name="Table_20_Contents">Question 14</text:p><text:section text:style-name="Sect1" text:name="mtq_stamp-14-1"><text:p text:style-name="P4"/></text:section></table:table-cell></table:table-row></table:table><text:section text:style-name="Sect1" text:name="mtq_question_text-14-1"><text:p text:style-name="P3">Identify this Logo :</text:p><text:p text:style-name="P3"><draw:a xlink:type="simple" xlink:href="http://freefeast.info/wp-content/uploads//2014/11/14.png"><draw:frame draw:style-name="fr2" draw:name="Image14" text:anchor-type="as-char" svg:width="5.45cm" svg:height="5.45cm" draw:z-index="12"><draw:image xlink:href="Pictures/10000000000000CC000000CCBE98D421E09C93D3.png" xlink:type="simple" xlink:show="embed" xlink:actuate="onLoad"/><svg:title>14</svg:title></draw:frame></draw:a></text:p></text:section><text:p text:style-name="P2"><text:bookmark text:name="mtq_row-14-1-1"/></text:p><table:table table:name="Table23" table:style-name="Table23"><table:table-column table:style-name="Table23.A"/><table:table-column table:style-name="Table23.B"/><table:table-row><table:table-cell table:style-name="Table23.A1" office:value-type="string"><text:section text:style-name="Sect1" text:name="mtq_button-14-1-1"><text:p text:style-name="Table_20_Contents">A</text:p></text:section></table:table-cell><table:table-cell table:style-name="Table23.A1" office:value-type="string"><text:section text:style-name="Sect1" text:name="mtq_answer_text-14-1-1"><text:p text:style-name="Table_20_Contents">BigData<text:bookmark text:name="mtq_row-14-2-1"/></text:p></text:section></table:table-cell></table:table-row><table:table-row><table:table-cell table:style-name="Table23.A1" office:value-type="string"><text:section text:style-name="Sect1" text:name="mtq_button-14-2-1"><text:p text:style-name="Table_20_Contents">B</text:p></text:section></table:table-cell><table:table-cell table:style-name="Table23.A1" office:value-type="string"><text:section text:style-name="Sect1" text:name="mtq_answer_text-14-2-1"><text:p text:style-name="Table_20_Contents">Bitcoin<text:bookmark text:name="mtq_row-14-3-1"/></text:p></text:section></table:table-cell></table:table-row><table:table-row><table:table-cell table:style-name="Table23.A1" office:value-type="string"><text:section text:style-name="Sect1" text:name="mtq_button-14-3-1"><text:p text:style-name="Table_20_Contents">C</text:p></text:section></table:table-cell><table:table-cell table:style-name="Table23.A1" office:value-type="string"><text:section text:style-name="Sect1" text:name="mtq_answer_text-14-3-1"><text:p text:style-name="Table_20_Contents">BigRocks <text:bookmark text:name="mtq_row-14-4-1"/></text:p></text:section></table:table-cell></table:table-row><table:table-row><table:table-cell table:style-name="Table23.A1" office:value-type="string"><text:section text:style-name="Sect1" text:name="mtq_button-14-4-1"><text:p text:style-name="Table_20_Contents">D</text:p></text:section></table:table-cell><table:table-cell table:style-name="Table23.A1" office:value-type="string"><text:section text:style-name="Sect1" text:name="mtq_answer_text-14-4-1"><text:p text:style-name="Table_20_Contents">BigDeals</text:p></text:section></table:table-cell></table:table-row><table:table-row><table:table-cell table:style-name="Table23.A1" office:value-type="string"><text:p text:style-name="Table_20_Contents"/></table:table-cell><table:table-cell table:style-name="Table23.A1" office:value-type="string"><text:p text:style-name="P8">Ans B</text:p></table:table-cell></table:table-row></table:table></text:section><text:section text:style-name="Sect1" text:name="mtq_question-15-1"><table:table table:name="Table24" table:style-name="Table24"><table:table-column table:style-name="Table24.A"/><table:table-row><table:table-cell table:style-name="Table24.A1" office:value-type="string"><text:p text:style-name="Table_20_Contents">Question 15</text:p><text:section text:style-name="Sect1" text:name="mtq_stamp-15-1"><text:p text:style-name="P4"/></text:section></table:table-cell></table:table-row></table:table><text:section text:style-name="Sect1" text:name="mtq_question_text-15-1"><text:p text:style-name="P3">Identify this Logo :</text:p><text:p text:style-name="P3"><draw:a xlink:type="simple" xlink:href="http://freefeast.info/wp-content/uploads//2014/11/15.jpg"><draw:frame draw:style-name="fr2" draw:name="Image15" text:anchor-type="as-char" svg:width="8.467cm" svg:height="4.26cm" draw:z-index="13"><draw:image xlink:href="Pictures/100000000000013E0000009F26EE574B77F74D5B.jpg" xlink:type="simple" xlink:show="embed" xlink:actuate="onLoad"/><svg:title>15</svg:title></draw:frame></draw:a></text:p></text:section><text:p text:style-name="P2"><text:bookmark text:name="mtq_row-15-1-1"/></text:p><table:table table:name="Table25" table:style-name="Table25"><table:table-column table:style-name="Table25.A"/><table:table-column table:style-name="Table25.B"/><table:table-row><table:table-cell table:style-name="Table25.A1" office:value-type="string"><text:section text:style-name="Sect1" text:name="mtq_button-15-1-1"><text:p text:style-name="Table_20_Contents">A</text:p></text:section></table:table-cell><table:table-cell table:style-name="Table25.A1" office:value-type="string"><text:section text:style-name="Sect1" text:name="mtq_answer_text-15-1-1"><text:p text:style-name="Table_20_Contents">MakeMyTrip.com <text:bookmark text:name="mtq_row-15-2-1"/></text:p></text:section></table:table-cell></table:table-row><table:table-row><table:table-cell table:style-name="Table25.A1" office:value-type="string"><text:section text:style-name="Sect1" text:name="mtq_button-15-2-1"><text:p text:style-name="Table_20_Contents">B</text:p></text:section></table:table-cell><table:table-cell table:style-name="Table25.A1" office:value-type="string"><text:section text:style-name="Sect1" text:name="mtq_answer_text-15-2-1"><text:p text:style-name="Table_20_Contents">Swift Language <text:bookmark text:name="mtq_row-15-3-1"/></text:p></text:section></table:table-cell></table:table-row><table:table-row><table:table-cell table:style-name="Table25.A1" office:value-type="string"><text:section text:style-name="Sect1" text:name="mtq_button-15-3-1"><text:p text:style-name="Table_20_Contents">C</text:p></text:section></table:table-cell><table:table-cell table:style-name="Table25.A1" office:value-type="string"><text:section text:style-name="Sect1" text:name="mtq_answer_text-15-3-1"><text:p text:style-name="Table_20_Contents">Go Daddy.com<text:bookmark text:name="mtq_row-15-4-1"/></text:p></text:section></table:table-cell></table:table-row><table:table-row><table:table-cell table:style-name="Table25.A1" office:value-type="string"><text:section text:style-name="Sect1" text:name="mtq_button-15-4-1"><text:p text:style-name="Table_20_Contents">D</text:p></text:section></table:table-cell><table:table-cell table:style-name="Table25.A1" office:value-type="string"><text:section text:style-name="Sect1" text:name="mtq_answer_text-15-4-1"><text:p text:style-name="Table_20_Contents">Go Language</text:p></text:section></table:table-cell></table:table-row><table:table-row><table:table-cell table:style-name="Table25.A1" office:value-type="string"><text:p text:style-name="Table_20_Contents"/></table:table-cell><table:table-cell table:style-name="Table25.A1" office:value-type="string"><text:p text:style-name="P8">Ans D</text:p></table:table-cell></table:table-row></table:table></text:section><text:section text:style-name="Sect1" text:name="mtq_results_request-1"><text:p text:style-name="Standard"/></text:section></text:section></text:section><text:section text:style-name="Sect1" text:name="mtq_quiz_status-1"><text:p text:style-name="Standard"/></text:section><text:p text:style-name="Standard"/></office:text></office:body></office:document-content>