<?xml version="1.0" encoding="UTF-8"?>
<office:document-meta xmlns:office="urn:oasis:names:tc:opendocument:xmlns:office:1.0" xmlns:xlink="http://www.w3.org/1999/xlink" xmlns:dc="http://purl.org/dc/elements/1.1/" xmlns:meta="urn:oasis:names:tc:opendocument:xmlns:meta:1.0" xmlns:ooo="http://openoffice.org/2004/office" xmlns:grddl="http://www.w3.org/2003/g/data-view#" office:version="1.2"><office:meta><meta:creation-date>2018-03-31T15:26:39.642873064</meta:creation-date><dc:date>2018-03-31T20:55:20.049668963</dc:date><meta:editing-duration>PT5H17M59S</meta:editing-duration><meta:editing-cycles>3</meta:editing-cycles><meta:generator>LibreOffice/5.1.4.2$Linux_X86_64 LibreOffice_project/10m0$Build-2</meta:generator><meta:document-statistic meta:table-count="25" meta:image-count="15" meta:object-count="0" meta:page-count="7" meta:paragraph-count="166" meta:word-count="236" meta:character-count="980" meta:non-whitespace-character-count="880"/></office:meta></office:document-meta>